{"train loss": 0.28363823890686035, "step": 26, "epoch": 1, "_timestamp": 1719135099.115342, "_runtime": 99.24020481109619, "_step": 25}