{"train loss": 0.06634929776191711, "step": 916, "epoch": 1, "_timestamp": 1719065197.3844457, "_runtime": 1058.6344935894012, "_step": 915}